-- MySQL dump 10.13  Distrib 8.0.28, for macos11 (x86_64)
--
-- Host: 127.0.0.1    Database: toko-buku
-- ------------------------------------------------------
-- Server version	8.0.28

/*!40101 SET @OLD_CHARACTER_SET_CLIENT=@@CHARACTER_SET_CLIENT */;
/*!40101 SET @OLD_CHARACTER_SET_RESULTS=@@CHARACTER_SET_RESULTS */;
/*!40101 SET @OLD_COLLATION_CONNECTION=@@COLLATION_CONNECTION */;
/*!50503 SET NAMES utf8 */;
/*!40103 SET @OLD_TIME_ZONE=@@TIME_ZONE */;
/*!40103 SET TIME_ZONE='+00:00' */;
/*!40014 SET @OLD_UNIQUE_CHECKS=@@UNIQUE_CHECKS, UNIQUE_CHECKS=0 */;
/*!40014 SET @OLD_FOREIGN_KEY_CHECKS=@@FOREIGN_KEY_CHECKS, FOREIGN_KEY_CHECKS=0 */;
/*!40101 SET @OLD_SQL_MODE=@@SQL_MODE, SQL_MODE='NO_AUTO_VALUE_ON_ZERO' */;
/*!40111 SET @OLD_SQL_NOTES=@@SQL_NOTES, SQL_NOTES=0 */;

--
-- Table structure for table `book`
--

DROP TABLE IF EXISTS `book`;
/*!40101 SET @saved_cs_client     = @@character_set_client */;
/*!50503 SET character_set_client = utf8mb4 */;
CREATE TABLE `book` (
  `book_id` int NOT NULL AUTO_INCREMENT,
  `category_id` int NOT NULL,
  `title` varchar(50) NOT NULL,
  `description` text NOT NULL,
  `writer` varchar(30) NOT NULL,
  `publisher` varchar(30) NOT NULL,
  `total_page` int NOT NULL,
  `release_date` date NOT NULL,
  `isbn` int NOT NULL,
  `language` varchar(30) NOT NULL,
  `weight` double NOT NULL,
  `width` double NOT NULL,
  `height` double NOT NULL,
  `price` int NOT NULL,
  `stock` int NOT NULL,
  `photo` varchar(100) NOT NULL,
  PRIMARY KEY (`book_id`)
) ENGINE=InnoDB AUTO_INCREMENT=5 DEFAULT CHARSET=utf8mb4 COLLATE=utf8mb4_0900_ai_ci;
/*!40101 SET character_set_client = @saved_cs_client */;

--
-- Dumping data for table `book`
--

LOCK TABLES `book` WRITE;
/*!40000 ALTER TABLE `book` DISABLE KEYS */;
INSERT INTO `book` VALUES (1,2,'Divergent','lorem ipsum lor sit amet','Theo James','PT Media Cetak',98,'2000-02-25',1312313121,'Inggris',0.3,100,200,100000,10,'1645795716_e3d708a543fce7ab1f1d.png'),(2,2,'Hunger games','deskripsi buku','JK Rowling','PT Media Cetak',149,'2018-10-03',2147483647,'Indonesia',0.3,100,150,150000,10,'1645796907_4482caa439bd415f2b88.png'),(3,5,'Insidious','test deskripsi buku','Ranold punjabi','PT Media Cetak',100,'2000-02-02',2147483647,'Indonesia',0.3,100,150,100000,10,'1645798028_4aa5d11c165cf52e51d2.png'),(4,2,'Harry Potter','Test deskripsi buku harry potter','JK Rowling','PT Media Cetak',99,'2008-03-20',2147483647,'Indonesia',0.3,100,150,100000,10,'1645799195_93b041a8124e6f250da3.png');
/*!40000 ALTER TABLE `book` ENABLE KEYS */;
UNLOCK TABLES;

--
-- Table structure for table `category`
--

DROP TABLE IF EXISTS `category`;
/*!40101 SET @saved_cs_client     = @@character_set_client */;
/*!50503 SET character_set_client = utf8mb4 */;
CREATE TABLE `category` (
  `category_id` int NOT NULL AUTO_INCREMENT,
  `name` varchar(30) NOT NULL,
  PRIMARY KEY (`category_id`)
) ENGINE=InnoDB AUTO_INCREMENT=7 DEFAULT CHARSET=utf8mb4 COLLATE=utf8mb4_0900_ai_ci;
/*!40101 SET character_set_client = @saved_cs_client */;

--
-- Dumping data for table `category`
--

LOCK TABLES `category` WRITE;
/*!40000 ALTER TABLE `category` DISABLE KEYS */;
INSERT INTO `category` VALUES (2,'Fiksi');
/*!40000 ALTER TABLE `category` ENABLE KEYS */;
UNLOCK TABLES;

--
-- Table structure for table `detail_order`
--

DROP TABLE IF EXISTS `detail_order`;
/*!40101 SET @saved_cs_client     = @@character_set_client */;
/*!50503 SET character_set_client = utf8mb4 */;
CREATE TABLE `detail_order` (
  `order_id` varchar(20) NOT NULL,
  `book_id` int NOT NULL,
  `title` varchar(50) NOT NULL,
  `publisher` varchar(30) NOT NULL,
  `total_item` int NOT NULL,
  `price` int NOT NULL,
  `subtotal` int NOT NULL
) ENGINE=InnoDB DEFAULT CHARSET=utf8mb4 COLLATE=utf8mb4_0900_ai_ci;
/*!40101 SET character_set_client = @saved_cs_client */;

--
-- Dumping data for table `detail_order`
--

LOCK TABLES `detail_order` WRITE;
/*!40000 ALTER TABLE `detail_order` DISABLE KEYS */;
INSERT INTO `detail_order` VALUES ('PSN0001',1,'Divergent','PT Media Cetak',3,100000,300000),('PSN0002',1,'Divergent','PT Media Cetak',2,100000,200000),('PSN0003',3,'Insidious','PT Media Cetak',1,100000,100000),('PSN0004',4,'Harry Potter','PT Media Cetak',1,100000,100000);
/*!40000 ALTER TABLE `detail_order` ENABLE KEYS */;
UNLOCK TABLES;

--
-- Table structure for table `order`
--

DROP TABLE IF EXISTS `order`;
/*!40101 SET @saved_cs_client     = @@character_set_client */;
/*!50503 SET character_set_client = utf8mb4 */;
CREATE TABLE `order` (
  `order_id` varchar(20) NOT NULL,
  `total_price` int NOT NULL,
  `created_at` timestamp NOT NULL DEFAULT CURRENT_TIMESTAMP,
  `status` int NOT NULL DEFAULT '0',
  `buyer_name` varchar(100) DEFAULT NULL,
  PRIMARY KEY (`order_id`)
) ENGINE=InnoDB DEFAULT CHARSET=utf8mb4 COLLATE=utf8mb4_0900_ai_ci;
/*!40101 SET character_set_client = @saved_cs_client */;

--
-- Dumping data for table `order`
--

LOCK TABLES `order` WRITE;
/*!40000 ALTER TABLE `order` DISABLE KEYS */;
INSERT INTO `order` VALUES ('PSN0001',300000,'2022-02-25 13:29:37',1,'Zulfikar Noorfan'),('PSN0002',200000,'2022-02-25 13:51:19',1,'Zulfikar Noorfan'),('PSN0003',100000,'2022-02-25 14:09:52',1,'Sylva Aliffina'),('PSN0004',100000,'2022-02-25 14:29:43',1,'Rizal');
/*!40000 ALTER TABLE `order` ENABLE KEYS */;
UNLOCK TABLES;

--
-- Table structure for table `user`
--

DROP TABLE IF EXISTS `user`;
/*!40101 SET @saved_cs_client     = @@character_set_client */;
/*!50503 SET character_set_client = utf8mb4 */;
CREATE TABLE `user` (
  `user_id` int NOT NULL AUTO_INCREMENT,
  `fullname` varchar(50) NOT NULL,
  `username` varchar(50) NOT NULL,
  `password` varchar(200) CHARACTER SET utf8 COLLATE utf8_general_ci NOT NULL,
  PRIMARY KEY (`user_id`)
) ENGINE=InnoDB AUTO_INCREMENT=5 DEFAULT CHARSET=utf8mb4 COLLATE=utf8mb4_0900_ai_ci;
/*!40101 SET character_set_client = @saved_cs_client */;

--
-- Dumping data for table `user`
--

LOCK TABLES `user` WRITE;
/*!40000 ALTER TABLE `user` DISABLE KEYS */;
INSERT INTO `user` VALUES (1,'Administrator','admin','c7ad44cbad762a5da0a452f9e854fdc1e0e7a52a38015f23f3eab1d80b931dd472634dfac71cd34ebc35d16ab7fb8a90c81f975113d6c7538dc69dd8de9077ec'),(2,'Sylva','silpa','6311d544f8db699856cec0dafbd732bdba933c1887b6e1b77cb11d387a1531ad223de9a496d6eed87815bee8c9061373c3c12cef10bd1b4836bc8109a9d88abc'),(3,'Zulfikar','zulfikar','daef4953b9783365cad6615223720506cc46c5167cd16ab500fa597aa08ff964eb24fb19687f34d7665f778fcb6c5358fc0a5b81e1662cf90f73a2671c53f991'),(4,'Risti','risti','daef4953b9783365cad6615223720506cc46c5167cd16ab500fa597aa08ff964eb24fb19687f34d7665f778fcb6c5358fc0a5b81e1662cf90f73a2671c53f991');
/*!40000 ALTER TABLE `user` ENABLE KEYS */;
UNLOCK TABLES;
/*!40103 SET TIME_ZONE=@OLD_TIME_ZONE */;

/*!40101 SET SQL_MODE=@OLD_SQL_MODE */;
/*!40014 SET FOREIGN_KEY_CHECKS=@OLD_FOREIGN_KEY_CHECKS */;
/*!40014 SET UNIQUE_CHECKS=@OLD_UNIQUE_CHECKS */;
/*!40101 SET CHARACTER_SET_CLIENT=@OLD_CHARACTER_SET_CLIENT */;
/*!40101 SET CHARACTER_SET_RESULTS=@OLD_CHARACTER_SET_RESULTS */;
/*!40101 SET COLLATION_CONNECTION=@OLD_COLLATION_CONNECTION */;
/*!40111 SET SQL_NOTES=@OLD_SQL_NOTES */;

-- Dump completed on 2022-02-25 22:30:33
